Provinsi,Kota/Kabupaten,Lokasi SPKLU,Alamat,Latitude,Longitude,google maps,Jenis Konektor
Sulawesi Barat,Majene,SPKLU PLN ULP MAJENE,"Banggae, Kec. Banggae, Kabupaten Majene, Sulawesi Barat 91412",-3.539954928,118.9691052,https://maps.app.goo.gl/VQsE7diFzU7uNm8Y6,AC TYPE 2
Sulawesi Barat,Mamuju,SPKLU ULP MANAKARRA,"JL Sultan Hasanuddin No 43, Binanga, Mamuju, Sulawesi Barat 91511",-2.677149731,118.895455,https://maps.app.goo.gl/xttxsxne4J2LyfCQ8,AC TYPE 2
Sulawesi Barat,Mamuju,SPKLU PLN UP3 MAMUJU,"Binanga, Kec. Mamuju, Kabupaten Mamuju, Sulawesi Barat 91511",-2.676963041,118.8951509,https://maps.app.goo.gl/uDzLHLcgPpqeiKrNA,CCS2
Sulawesi Barat,Mamuju,SPKLU PLN KP TOPOYO,"Topoyo, Kec. Topoyo, Kabupaten Mamuju, Sulawesi Barat",-2.063278862,119.293196,https://maps.app.goo.gl/CqcFSE9PSijKj1SHA,AC TYPE 2
Sulawesi Barat,Mamuju,(WULING) Kumala Mamuju,"Jl. H. Andi Da'i No.50C, Binanga, Kec. Mamuju, Kabupaten Mamuju, Sulawesi Barat 91515",-2.670857235,118.8958539,https://maps.app.goo.gl/TPkyNrBaU1WASory9,GB/T
Sulawesi Barat,Mamuju,Kalla Toyota Mamuju,"Jl. Sudirman No. 1, Mamuju - Sulawesi Barat",-2.688426972,118.8683364,https://maps.app.goo.gl/k9krQhzqntvHosoH7,AC TYPE 2
Sulawesi Barat,Pasangkayu,SPKLU PLN ULP PASANGKAYU,"Pasangkayu, Kec. Pasangkayu, Kab. Pasangkayu, Sulawesi Barat 91574",-1.172098277,119.3705015,https://maps.app.goo.gl/H71wEX2zsQyDZ6zR8,AC TYPE 2
Sulawesi Barat,Polewali Mandar,SPKLU PLN ULP POLEWALI,"Jl Ahmad Yani Wattang, Kabupaten Polewali Mandar, Sulawesi Barat",-3.432819128,119.3469686,https://maps.app.goo.gl/pa68sj9kmRWjY6NR7,CCS2
Sulawesi Selatan,Barru,SPKLU PLN ULP BARRU,"Jl. Sultan Hasanuddin No.9923, Coppo, Kec. Barru, Kabupaten Barru, Sulawesi Selatan 90711",-4.422912775,119.618058,https://maps.app.goo.gl/L8DLXFmi1JW2fKNt9,AC TYPE 2
Sulawesi Selatan,Bone,SPKLU PLN ULP HASANUDDIN,"Jl. Sultan Hasanuddin no. 23 Kab. Bone, Sulawesi Selatan",-4.540136526,120.3266307,https://maps.app.goo.gl/hiTdPQLcDUiw69wu6,AC TYPE 2
Sulawesi Selatan,Bone,SPKLU PLN UP3 WATAMPONE,"Jl. Jenderal Sudirman No.10, Biru, Kec. Tanete Riattang, Kabupaten Bone, Sulawesi Selatan 92714",-4.55519994,120.3317466,https://maps.app.goo.gl/aTDV8A6tXbjbQzVY7,"AC TYPE 2, CCS2"
Sulawesi Selatan,Bone,(WULING) Kumala Bone,"Jl. Jend. Sukawati No.2, Macege, Kec. Tanete Riattang Bar., Kabupaten Bone, Sulawesi Selatan 90225",-4.54460311,120.3193075,https://maps.app.goo.gl/BpK5wmnjqXTuckW86,GB/T
Sulawesi Selatan,Bulukumba,SPKLU PLN UP3 BULUKUMBA,"Jl. Lanto Daeng Pasewang No.1, Caile, Kec. Ujung Bulu, Kabupaten Bulukumba, Sulawesi Selatan 92517",-5.54785765,120.1900481,https://maps.app.goo.gl/6pNB2eADq6Gkfb8q9,"AC TYPE 2, CCS2"
Sulawesi Selatan,Bulukumba,SPKLU PADUPPA RESORT,"PADUPPA RESORT kawasan wisata pantai tanjung desa, Bira, Bontobahari, Bulukumba Regency, South",-5.610277916,120.4524218,https://maps.app.goo.gl/XjjahqnZrpherL2N6,AC TYPE 2
Sulawesi Selatan,Bantaeng,SPKLU PLN ULP BANTAENG,"Jalan Kartini No.18 Bantaeng, Pallantikang, Kabupaten Bantaeng, Sulawesi Selatan",-5.544876173,119.9472134,https://maps.app.goo.gl/CGryZPPR48HQLknW7,AC TYPE 2
Sulawesi Selatan,Sinjai,SPKLU ULP SINJAI,"Jalan Anggrek No.48, Balang Nipa, Kec Sinjai Utara Kab Sinjai",-5.116980729,120.26237,https://maps.app.goo.gl/V32JQLY8T6TFbaSB6,AC TYPE 2
Sulawesi Selatan,Enrekang,SPKLU PLN ULP LAKAWAN,"Jln Negara Sossok, Kel Mataran, Kec. Anggeraja Kab Enrekang, Sulawesi Selatan",-3.391617159,119.7979713,https://maps.app.goo.gl/6b5RNkA4oao232N8A,AC TYPE 2
Sulawesi Selatan,Gowa,SPKLU PLN ULP SUNGGUMINASA,Jl Tumanurung No 5 Kab.Gowa Selawesi Selatan,-5.198446984,119.4495339,https://maps.app.goo.gl/VXtwM3HNrPLzvFuY9,"AC TYPE 2, CCS2, CHADEMO"
Sulawesi Selatan,Gowa,SPKLU Fakultas Teknik Universitas Hasanuddin,"Jl. Malino No.Km.6, Romang Lompoa, Kec. Bontomarannu, Kabupaten Gowa, Sulawesi Selatan 92171",-5.230229741,119.502134,https://maps.app.goo.gl/fMxWyqfcMFtgEW7YA,AC TYPE 2
Sulawesi Selatan,Gowa,SPKLU PLN ULP KALEBAJENG,"Jl. Pahlawan No.4, Limbung, Kab. Gowa",-5.29517954,119.4378374,https://maps.app.goo.gl/Sbvo1C2hoZroUmXi8,AC TYPE 2
Sulawesi Selatan,Gowa,SPKLU PLN ULP MALINO,"Jl. Endang, Malino, Kec. Tinggimoncong, Kab Gowa, Sulawesi Selatan 92174",-5.247900489,119.8551599,https://maps.app.goo.gl/GRmy1aPu75UV4jYQ8,"AC TYPE 2, CCS2, CHADEMO"
Sulawesi Selatan,Jeneponto,SPKLU PLN ULP JENEPONTO,"Jl. Lanto Dg Pasewang, Balang Toa, Binamu, Jeneponto Regency, Sulawesi Sulawesi 92315",-5.671404986,119.7344183,https://maps.app.goo.gl/aQXkU8VwAg9WswSeA,"AC TYPE 2, CCS2"
Sulawesi Selatan,Luwu Timur,SPKLU PLN ULP MALILI,"Jl. Abdul Rakib No. 8 Kantor PLN ULP Malili, Malili, Kab Luwu Timur, Sulawesi Selatan 92933",-2.63357366,121.0974809,https://maps.app.goo.gl/eAYKwgfP5bpXuiuEA,AC TYPE 2
Sulawesi Selatan,Luwu Timur,SPKLU PLN ULP TOMONI,"Kantor ULP Tomoni, JL Mekar 05, Desa Balai Kembang Kecamatan Mangkutana Luwu Timur",-2.500982929,120.8027435,https://maps.app.goo.gl/uHUKVDFjy589oh1L9,AC TYPE 2
Sulawesi Selatan,Luwu Timur,SPKLU KANTOR PLN ULP BELOPA,"Kantor PLN (Persero) ULP Belopa Tanamanai, Kec. Belopa, Kabupaten Luwu, Sulawesi Selatan 91994",-3.384099556,120.3696781,https://maps.app.goo.gl/j5hF4k6Tpyef4ErS9,AC TYPE 2
Sulawesi Selatan,Luwu Utara,SPKLU PLN ULP MASAMBA,"Jl. Muh. Hatta, Baliase, Kec. Masamba, Kab. Luwu Utara, Sulawesi Selatan",-2.550619013,120.3517623,https://maps.app.goo.gl/4EniYCk552K1HUYs8,AC TYPE 2
Sulawesi Selatan,Maros,SPKLU AL FAYYADH MAROS,"Jl. Poros Makassar - Maros No.38, Taroada, Kec. Turikale, Kabupaten Maros, Sulawesi Selatan 90516",-5.038942257,119.5697036,https://maps.app.goo.gl/WEDDqYKYNyo2gSrr8,AC TYPE 2
Sulawesi Selatan,Maros,SPKLU PLN ULP MAROS,"Jl. Jend. Sudirman No.5, Alliritengae, Kec. Turikale, Kabupaten Maros, Sulawesi Selatan 90511",-5.006203541,119.5716156,https://maps.app.goo.gl/xN89a7oxaqMkuKui7,CCS2
Sulawesi Selatan,Palopo,SPKLU PLN ULP PALOPO KOTA,"Jl. Andi Achmad (Ex. Veteran) No. 25, Tomarundung, Wara Barat, Kota Palopo, Sulawesi Selatan",-2.995904472,120.1887461,https://maps.app.goo.gl/iNtHzZNbkqcjYPkr9,"AC TYPE 2, CCS2, CHADEMO"
Sulawesi Selatan,Palopo,Hyundai Palopo (Khusus Kendaraan Hyundai),"Jl. Jend Sudirman No.128, Binturu, Kec. Wara Sel., Kota Palopo, Sulawesi Selatan 91922",-3.010737839,120.2031869,https://maps.app.goo.gl/49Zeuxe2waJqBLhC7,AC TYPE 2
Sulawesi Selatan,Palopo,(WULING) Kumala Palopo,"Jl. Jend Sudirman No.189, Binturu, Kec. Wara Selatan, Kota Palopo, Sulawesi Selatan 91911",-3.019065685,120.2087144,https://maps.app.goo.gl/UzRpwhvoiAHnJKGu5,GB/T
Sulawesi Selatan,Tana Toraja,SPKLU Kantor PLN ULP Makale,"Jl. Ampera No.48, Tondon Mamullu, Kec. Makale, Kabupaten Tana Toraja, Sulawesi Selatan 91817",-3.10178765,119.853833,https://maps.app.goo.gl/jpeEyMxPupMBpCWA6,AC TYPE 2
Sulawesi Selatan,Pangkajene Kepulauan,SPKLU PLN ULP PANGKEP,"Jl Kh Ramli No 1, Tumampua, Kec. Pangkajene, Kab. Pangkajene Dan Kepulauan, Sulawesi Selatan",-4.835936976,119.5469187,https://maps.app.goo.gl/LjF59udmBkTzDXPo7,AC TYPE 2
Sulawesi Selatan,Pare Pare,SPKLU PLN UP3 PARE PARE,"Jl. Veteran No.32, Ujung Sabbang, Kec. Ujung, Kota Parepare, Sulawesi Selatan",-4.010339476695133,119.62315763794969,https://maps.app.goo.gl/gnu3pJz7djFaip5n8,"AC TYPE 2, CCS2, CHADEMO"
Sulawesi Selatan,Pare Pare,SPKLU LAGOTA CAFE,"Jl. Jend. Ahmad Yani, Ujung Baru, Kec. Soreang, Kota Parepare",-4.011140348,119.6346264,https://maps.app.goo.gl/Qpsn34A4hxU5z2S26,"CCS2, CHADEMO"
Sulawesi Selatan,Pare Pare,(WULING) Kumala Parepare,"Jl. Bau Massepe, Cappa Galung, Kec. Bacukiki Barat, Kota Parepare, Sulawesi Selatan 91122",-4.021905667,119.6235981,https://maps.app.goo.gl/NjyufPMLnmZWJFXWA,GB/T
Sulawesi Selatan,Pinrang,SPKLU PLN UP3 PINRANG,"Jl. Jend. Sukawati No.24, Macorawalie, Kec. Watang Sawitto, Kabupaten Pinrang, Sulawesi Selatan 91212",-3.803299668,119.6494508,https://maps.app.goo.gl/3erW3TybJT9qj7qE9,"AC TYPE 2, CCS2"
Sulawesi Selatan,Pinrang,SPKLU PLN ULP SAWITTO,"Jl. Teuku Umar, Sawito, Kec. Watang Sawitto, Kabupaten Pinrang, Sulawesi Selatan 91211",-3.7903633745837757,119.6537426304195,https://maps.app.goo.gl/5LWARUj892z4UmsdA,AC TYPE 2
Sulawesi Selatan,Pinrang,PLN ULP KARIANGO,Jalan Poros Pare Pare Pinrang KM 14,-3.911115238,119.6230821,https://maps.app.goo.gl/tx6J6dy3zevsrnmW9,AC TYPE 2
Sulawesi Selatan,Soppeng,SPKLU PLN ULP SOPPENG,"Jl. Lapajung, Kec.Lalabata, Kab Soppeng, Sulawesi Selatan 90811",-4.336149782,119.888183,https://maps.app.goo.gl/4pRB3dv6Gb7ZgcmA9,AC TYPE 2
Sulawesi Selatan,Toraja Utara,SPKLU PLN ULP RANTEPAO,"Rantepao, Kec. Rantepao, Kabupaten Toraja Utara, Sulawesi Selatan 91833",-2.972703162,119.8979519,https://maps.app.goo.gl/tTPzr3T4MceW4z4U9,"AC TYPE 2, CCS2"
Sulawesi Selatan,Wajo,SPKLU PLN ULP SENGKANG,"Kantor PLN ULP Sengkang, Lapongkoda, Kabupaten Wajo, Sulawesi Selatan",-4.136264433,120.0323963,https://maps.app.goo.gl/jsj1EyUFrM3HNMKr6,AC TYPE 2
Sulawesi Selatan,Sidereng Rappang,SPKLU PLN ULP PANGSID,"JL.  Bau Massepe No.05, Kec. Maritengngae, Kab. Sidenreng
Rappang, Sulawesi Selatan",-3.926285634,119.8011862,https://maps.app.goo.gl/xcgkZhXukcpzGzTK7,"CCS2, CHADEMO"
Sulawesi Selatan,Sidereng Rappang,SPKLU PLN ULP RAPPANG,"Jl. Sultan Hasanuddin No.2, Rappang, Sulawesi Selatan, Kabupaten Sidenreng Rappang, Sulawesi Selatan 91651",-3.843845616,119.8173261,https://maps.app.goo.gl/2aoTvT2MqSr5M14G7,AC TYPE 2
Sulawesi Selatan,Makassar,SPKLU PLN ULP Mattoanging,"Jl. DR. Ratulangi, Mangkura",-5.148463607,119.4158186,https://maps.app.goo.gl/XF7u9beAgicVT9Ts9,"AC TYPE 2, CCS2, CHADEMO"
Sulawesi Selatan,Makassar,SPKLU PLN UP3 Makassar Selatan,"Jl Letjen Hertasning No. 99, Tamalate, Rappocini, Bonto Makkio, Makassar, Sulawesi Selatan",-5.164291673,119.4453696,https://maps.app.goo.gl/zKeCAokp6qmxw64V6,"AC TYPE 2, CCS2"
Sulawesi Selatan,Makassar,KANTOR GUBERNUR SULAWESI SELATAN,"Jl. Urip Sumoharjo No.269, Panaikang, Kec. Panakkukang, Kota Makassar, Sulawesi Selatan 90231",-5.138111292,119.4524531,https://maps.app.goo.gl/HMWCJ6oPFsPL9FkQ7,"CCS2, CHADEMO"
Sulawesi Selatan,Makassar,SPKLU BALAIKOTA MAKASSAR,"Jl. Ahmad Yani No.2, Kota Makassar, Sulawesi Selatan 90171",-5.133059128,119.4080986,https://maps.app.goo.gl/PJy9AHnejKwkEviM9,CCS2
Sulawesi Selatan,Makassar,SPKLU PLN ULP DAYA,"Jl. Batara Bira No.2, Pai, Kec. Biringkanaya, Kota Makassar, Sulawesi Selatan 90243",-5.093264165,119.5121205,https://maps.app.goo.gl/UgGbeVjrKZ2AXCHE9,CCS2
Sulawesi Selatan,Makassar,SPKLU PLN ULP PANAKKUKANG,"Jl. Letjen Hertasning, Tidung, Kec. Rappocini, Kota Makassar",-5.164911624,119.4464461,https://maps.app.goo.gl/SnTEh1RkcMDeHmJU8,AC TYPE 2
Sulawesi Selatan,Makassar,SPKLU PLN UP3 Makassar Utara,"Jl Latimojong No. 6, Gaddong, Kota Makassar, Sulawesi Selatan",-5.132067853453903,119.41913382207073,https://maps.app.goo.gl/umkZjnzg2NpcErmC7,AC TYPE 2
Sulawesi Selatan,Makassar,SPKLU TRANS STUDIO MALL MAKASSAR,"JL. Metro Tanjung Bunga, Maccini Sombala, Kec Tamalate, Kota Makassar",-5.158198773,119.3942151,https://maps.app.goo.gl/TQ5mxYs1r5ve8HEZ6,"AC TYPE 2, CCS2"
Sulawesi Selatan,Makassar,SPKLU UID SULSELRABAR,"Jl. Letjend Hertasning No. Blok B, Pandang, Kec. Panakkukang, Kota Makassar",-5.166552283,119.4479639,https://maps.app.goo.gl/85eyCEbRKbvfAdNx5,CCS2
Sulawesi Selatan,Makassar,Hyundai Nipah Mall (Khusus Kendaraan Hyundai),"Panaikang, Kec. Panakkukang, Kota Makassar, Sulawesi Selatan 90231",-5.139376449,119.4497145,https://maps.app.goo.gl/c12Ki2Gmq2BCCEb38,AC TYPE 2
Sulawesi Selatan,Makassar,Hyundai Pettarani (Khusus Kendaraan Hyundai),"Makassar, Bua Kana, Kec. Rappocini, Kota Makassar, Sulawesi Selatan 90231",-5.155643758,119.4374613,https://maps.app.goo.gl/wFa4zKXvXBGtHj519,AC TYPE 2
Sulawesi Selatan,Makassar,Hyundai Urip Sumoharjo (Khusus Kendaraan Hyundai),"Jl. Urip Sumoharjo, Sinrijala, Kec. Panakkukang, Kota Makassar, Sulawesi Selatan 90232",-5.136149319,119.436682,https://maps.app.goo.gl/tto8fTW41BcAsEpP8,AC TYPE 2
Sulawesi Selatan,Makassar,(WULING) Kumala Makassar,"Jl. A. P. Pettarani No.98 B, Bua Kana, Kec. Rappocini, Kota Makassar, Sulawesi Selatan 90222",-5.157652086,119.436403,https://maps.app.goo.gl/3RsJw97FAjWwrs5i9,GB/T
Sulawesi Selatan,Makassar,(WULING) Kumala TSM Makassar,"Jl. Metro Tj. Bunga, Maccini Sombala, Kec. Tamalate, Kota Makassar, Sulawesi Selatan 90224",-5.159233398,119.3942174,https://maps.app.goo.gl/kHhJwhfj6dqqyvM56,GB/T
Sulawesi Selatan,Makassar,(WULING) Kumala Alauddin,"Jl. Sultan Alauddin No.4-8, Pa'baeng-Baeng, Tamalate, Kota Makassar, Sulawesi Selatan 90223",-5.167706264,119.4200976,https://maps.app.goo.gl/3796wqRg9Ka23Lcq6,GB/T
Sulawesi Selatan,Makassar,Kalla Toyota Alauddin,Jl. Sultan Alauddin No 76,-5.180467192,119.4399276,https://maps.app.goo.gl/uW9bciZtpegwxWVF8,AC TYPE 2
Sulawesi Selatan,Makassar,Kalla Toyota HOS Cokroaminoto,"Jl. HOS Cokroaminoto 27, Makasar 90174",-5.130227438,119.4133716,https://maps.app.goo.gl/C51cw1cH2pNjcn2J9,AC TYPE 2
Sulawesi Selatan,Makassar,Kalla Toyota Urip Sumoharjo,"Jl. Urip Sumoharjo No.227, Makasar 90232",-5.137107273,119.4392395,https://maps.app.goo.gl/MEnTGPCVSAz488No7,AC TYPE 2
Sulawesi Selatan,Makassar,(BLUECHARGE) NIPAH MALL MAKASSAR,"Jl. Urip Sumoharjo No.23C, Panaikang, Kec. Panakkukang, Kota Makassar, Sulawesi Selatan 90231",-5.139089925,119.4498864,https://maps.app.goo.gl/JhiuEHE95aFqQKRx8,AC TYPE 2
Sulawesi Selatan,Makassar,(BLUECHARGE) WISMA KALLA MAKASSAR,"Jl. DR. Ratulangi No.8, Kunjung Mae, Kec. Mariso, Kota Makassar, Sulawesi Selatan 90114",-5.149318239,119.415114,https://maps.app.goo.gl/xfXEV6svzfPzXnsG6,AC TYPE 2
Sulawesi Selatan,Makassar,(BLUECHARGE) MALL RATU INDAH MAKASSAR,"Jl. Lanto Dg. Pasewang No.10, Mangkura, Kec. Mamajang, Kota Makassar, Sulawesi Selatan 90113",-5.153183238,119.4175613,https://maps.app.goo.gl/HTK5SUoM1Cwmn9XNA,AC TYPE 2
Sulawesi Selatan,Makassar,(VOLTRON) BYD Haka Auto Karebosi,"Jl. Ahmad Yani No.15, Pattunuang, Kec. Wajo, Kota Makassar, Sulawesi Selatan 90174",-5.13265988,119.4091116,https://maps.app.goo.gl/wEWFc9b1FCHUXfNw5,CCS2
Sulawesi Selatan,Makassar,(Terra Charge) Delft Apartment,"Jalan Sunset Boulevard Blok 5B/16 Citraland City CPI, Kel. Maccini Sombala",-5.148176593,119.4027844,https://maps.app.goo.gl/kAspwVYErPL6uKY6A,AC TYPE 2
Sulawesi Selatan,Makassar,(Terra Charge) UC Makassar | Ciputra School of Business,"Kawasan CitraLand City CPI, Jalan Sunset Boulevard, Kota Makassar, Sulawesi Selatan 90224",-5.149066177,119.3949186,https://maps.app.goo.gl/uxDCd8tWoJrKY6vF7,AC TYPE 2
Sulawesi Selatan,Makassar,(Terra Charge) Grand Asia Hotel Makassar,"Jl. Boulevard No.10, Masale, Kec. Panakkukang, Kota Makassar, Sulawesi Selatan 90231",-5.154369337,119.4380297,https://maps.app.goo.gl/vL7VoBTWazQySxgE6,AC TYPE 2
Sulawesi Selatan,Makassar,PT PLN (Persero) ULP Karebosi,"Jl. Ahmad Yani No.27, Pattunuang, Kec. Wajo, Kota Makassar, Sulawesi Selatan 90171",-5.132503877,119.4107907,https://maps.app.goo.gl/eHZucMEsBqqEqMvA9,CCS2
Sulawesi Tengah,Banggai,SPKLU PLN ULP TOILI,"Jl. Tadulako No.19, Tirtasari, Kec. Toili, Kabupaten Banggai, Sulawesi Tengah 94765",-1.473868292,122.3276065,https://maps.app.goo.gl/rBztXaVEshXrqxMeA,AC TYPE 2
Sulawesi Tengah,Donggala,SPKLU PLN ULP DONGGALA,"Jl. Lorong PLN, Gn. Bale, Kabupaten Donggala, Sulawesi Tengah",-0.6718642483,119.7466789,https://maps.app.goo.gl/i9QuH4T7Q5Y8fZCk9,CCS2
Sulawesi Tengah,Palu,SPKLU PLN UP3 PALU,"Jl RA Kartini No 26 Palu, Sulawesi Tengah",-0.9015535604,119.8788257,https://maps.app.goo.gl/GB8Z2v5tPtfVQWcXA,"AC TYPE 2, CCS2, CHADEMO"
Sulawesi Tengah,Palu,KANTOR GUBERNUR SULAWESI TENGAH,"Jl. Sam Ratulangi No.101, Kota Palu, Sulawesi Tengah",-0.8910509961,119.871691,https://maps.app.goo.gl/wVceoZa77Ln7Szah9,"CCS2, CHADEMO"
Sulawesi Tengah,Palu,SPKLU PLN ULP KAMONJI,"Jl. Munif Rahman I, Silae, Kota Palu, Sulawesi Tengah",-0.8827668982,119.8359431,https://maps.app.goo.gl/knWfocVChRmtWwMi7,AC TYPE 2
Sulawesi Tengah,Palu,SPKLU PLN ULP TAWAELI,"Jl. Tolitoli - Palu, Panau, Kec. Tawaeli, Kota Palu, Sulawesi Tengah 94352",-0.7317908117,119.8636176,https://maps.app.goo.gl/qBLDyKEWoUQGw8k18,AC TYPE 2
Sulawesi Tengah,Palu,Hyundai Palu (Khusus Kendaraan Hyundai),"Jl. Yos Sudarso No.02, Talise, Kec. Palu Tim., Kota Palu, Sulawesi Tengah 94118",-0.8733469244,119.8748073,https://maps.app.goo.gl/53eCdZ9mujDr2eBt9,AC TYPE 2
Sulawesi Tengah,Palu,(WULING) Kumala Palu,"Jl. Soekarno Hatta, kel. Tondo, kec. Mantikulore, kota Palu",-0.8453324513,119.8913164,https://maps.app.goo.gl/GiBmwJsK6icdkHZE8,GB/T
Sulawesi Tengah,Palu,Kalla Toyota Martadinata,"Jl. R.E Martadinata 45, Palu , Central Sulawesi",-0.8603133407,119.8820432,https://maps.app.goo.gl/dNpdSKJ7Xeq8pj5n9,AC TYPE 2
Sulawesi Tengah,Palu,SPKLU PLN KANTOR ULP PALU KOTA,"Jl. Sulawesi, Lolu Utara, Kec. Palu Tim., Kota Palu, Sulawesi Tengah 94112",-0.9002673996,119.8722074,https://maps.app.goo.gl/NbowWQYsonN9q1Za9,CCS2
Sulawesi Tengah,Morowali Utara,SPKLU PLN ULP KOLONEDALE,"Jl. Trans Sulawesi, Desa Temporal Kec. Tompira, Kabupaten Morowali Utara, Sulawesi Tengah 94971",-2.08032863,121.3812757,https://maps.app.goo.gl/Ztye7bd1Qq3ajKjD9,AC TYPE 2
Sulawesi Tengah,Parigi Moutong,SPKLU PLN ULP PARIGI (KASIMBAR),"Jl Trans Sulawesi, Kasimbar, Kabupaten Parigi Moutong, Sulawesi Tengah",-0.1335299388,120.0346943,https://maps.app.goo.gl/J2qB86U5jzijCvCM6,"AC TYPE 2, CCS2, CHADEMO"
Sulawesi Tengah,Parigi Moutong,SPKLU PLN ULP MOUTONG,"Jl. Trans Sulawesi Kec. Moutong, Kab. Parigi Moutong, Sulawesi Tengah",0.4651606936,121.2261387,https://maps.app.goo.gl/y5wLjSmQ8D1qnJdVA,"AC TYPE 2, CCS2, CHADEMO"
Sulawesi Tengah,Parigi Moutong,SPKLU PLN ULP PARIGI,"Jl. PLN, Maesa, Kec. Parigi, Kabupaten Parigi Moutong, Sulawesi Tengah 94471",-0.8160996617,120.1737003,https://maps.app.goo.gl/EEhVZo3YPKPPbX5z6,AC TYPE 2
Sulawesi Tengah,Parigi Moutong,SPKLU PLN ULP KOTARAYA,"Jl. Jambu, Kotaraya, Mepanga, Kabupaten Parigi Moutong, Sulawesi Tengah 94479",0.5459823228,120.7263691,https://maps.app.goo.gl/sF6WPR1cuw3NRwQx6,AC TYPE 2
Sulawesi Tengah,Parigi Moutong,SPKLU PLN KANTOR JAGA TINOMBO,"Jl. Lombok, Tinombo, Parigi Moutong, Sulawesi Tengah 94475",0.3888942,120.2831657,https://maps.app.goo.gl/4Tu926PNP18KtcKJ8,AC TYPE 2
Sulawesi Tengah,Poso,SPKLU PLN ULP POSO,"Jl. Gatot Subroto, Kasintuwu, Kec. Poso Kota Utara, Kabupaten Poso, Sulawesi Tengah 94611",-1.384810354,120.7593532,https://maps.app.goo.gl/aKnwHNbhG6q9QK497,AC TYPE 2
Sulawesi Tengah,Poso,SPKLU PLN ULP TENTENA,"Jl. Jendral Sudirman, Tentena, Pamona Pusalemba, Kabupaten Poso, Sulawesi Tengah 94663",-1.755087452,120.649182,https://maps.app.goo.gl/w8tAQvHnddrsrRYYA,AC TYPE 2
Sulawesi Tengah,Toli Toli,SPKLU PLN UP3 TOLITOLI,"Jl. Mawar, Panasakan, Kec. Baolan, Kabupaten Toli-Toli, Sulawesi Tengah 94512",1.050122304,120.8167435,https://maps.app.goo.gl/utUHvY8RY8rboSvS8,AC TYPE 2
Sulawesi Tengah,Toli Toli,SPKLU PLN ULP TOLITOLI 2,"Panasakan, Kabupaten Toli-Toli, Sulawesi Tengah",1.050122304,120.8167435,https://maps.app.goo.gl/utUHvY8RY8rboSvS8,AC TYPE 2
Sulawesi Tengah,Toli Toli,SPKLU PLN ULP BANGKIR,"Jl, Tolitoli - Palu, Soni, Kec. Dampal Sel., Kabupaten Toli-Toli, Sulawesi Tengah 94554",0.7639528353,120.1956667,https://maps.app.goo.gl/AGpHXMRgbCLAh3577,AC TYPE 2
Sulawesi Tengah,Buol,SPKLU PLN KANTOR ULP LEOK,"Jl. Sedap Malam, Leok I, Kabupaten Buol, Sulawesi Tengah",1.186312143,121.41728,https://maps.app.goo.gl/6bJ1yjwcAM736h8v9,AC TYPE 2
Sulawesi Tenggara,Bau-Bau,SPKLU PLN ULP BAUBAU KOTA,"Jl. Jenderal Sudirman No.62, Tomba, Kec. Wolio, Kota Bau-Bau, Sulawesi Tenggara 93717",-5.457069271,122.6095122,https://maps.app.goo.gl/D6y8JesYyjVYZfAc6,"AC TYPE 2, CCS2, CHADEMO"
Sulawesi Tenggara,Bau-Bau,(WULING) Kumala Baubau,"Jl. Betoambari No. 117-118 Bonebone, Batupoaru, Kota Baubau, Sulawesi Tenggara 93714",-5.467571888,122.591823,https://maps.app.goo.gl/sFJA1tPuE3LjN8oz9,GB/T
Sulawesi Tenggara,Bau-Bau,SPKLU BANDARA BETOAMBARI,"Jl. Dayanu Ikhsanuddin, Katobengke, Kec. Betoambari, Kota Bau-Bau, Sulawesi Tenggara 93721",-5.487707944,122.5699648,https://maps.app.goo.gl/TNyW7JifikJGgbCJ7,AC TYPE 2
Sulawesi Tenggara,Kendari,Hyundai Kendari (Khusus Kendaraan Hyundai),"2G4M+2M6, Anduonohu, Kec. Poasia, Kota Kendari, Sulawesi Tenggara 93231",-3.99494002,122.5341403,https://maps.app.goo.gl/wG2UGFxpcLXhwEtJ7,AC TYPE 2
Sulawesi Tenggara,Kendari,SPKLU PLN ULP Wua Wua,"Jl. DI Panjaitan, Kel. LepoLepo, Kec. Baruga, Kendari",-4.022762724,122.5028737,https://maps.app.goo.gl/HsuTSHnVxizbjTUi7,"CCS2, CHADEMO"
Sulawesi Tenggara,Kendari,(WULING) Kumala Kendari,"Jl. Jend. Ahmad Yani No.85A, Lepo-Lepo, Kec. Baruga, Kota Kendari, Sulawesi Tenggara 93116",-3.997409241,122.499579,https://maps.app.goo.gl/K5RQhw5g5rhya1T98,GB/T
Sulawesi Tenggara,Kendari,Kalla Toyota Kendari,"Jl. Ahmad Yani No 4 Kendari, Sul-Teng",-3.990644586,122.504447,https://maps.app.goo.gl/dMNXqJaBTqBhuAQC7,AC TYPE 2
Sulawesi Tenggara,Kendari,SPKLU ULP BENU BENUA,"Jl. Sultan Hasanuddin No.68, Punggaloba, Kec. Kendari Bar., Kota Kendari, Sulawesi Tenggara 93122",-3.966351836,122.5617771,https://maps.app.goo.gl/DePi7DkgeFQMGxHr8,CCS2
Sulawesi Tenggara,Kolaka,SPKLU PLN ULP KOLAKA,"Jl. Merdeka, Latambaga, Kabupaten Kolaka, Sulawesi Tenggara 93511",-4.052754313,121.5919445,https://maps.app.goo.gl/sxp1CQuNvv3Bwx6i6,CCS2
Sulawesi Tenggara,Kolaka,SPKLU PLN ULP KOLAKA UTARA,"Lasusua, Kabupaten Kolaka Utara, Sulawesi Tenggara",-3.511961631,120.8844037,https://maps.app.goo.gl/KY4nk84NtAHjvRyq6,AC TYPE 2
Sulawesi Tenggara,Kolaka,(WULING) Kumala Kolaka,"Jl. Pahlawan No. 28 Kel. Wataliandu, Kec. Kolaka, Kab. Kolaka, Sulawesi Tenggara 93511",-4.05380982,121.6023368,https://maps.app.goo.gl/2nEfXhB9aSQRtrEq8,GB/T
Sulawesi Tenggara,Konawe,SPKLU PLN ULP UNAAHA,"Tumpas, Kec. Unaaha, Kabupaten Konawe, Sulawesi Tenggara 93415",-3.860436747,122.0457397,https://maps.app.goo.gl/J6DQh4RFvvySmFiN6,AC TYPE 2
Sulawesi Tenggara,Muna,SPKLU PLN ULP RAHA,"Jl. La Ode Abdul Kudus No.99, Raha II, Kec. Katobu, Kabupaten Muna, Provinsi Sulawesi Tenggara",-4.830351947,122.7206682,https://maps.app.goo.gl/EeowCcP4S8Kc6tCC6,AC TYPE 2
Sulawesi Tenggara,Buton,SPKLU ULP MAWASANGKA,"Jl. Landeu, Mawasangka, Kec. Mawasangka, Kabupaten Buton, Sulawesi Tenggara 93762",-5.282500577,122.2914058,https://maps.app.goo.gl/2K28d7NSMggFeFh26,AC TYPE 2
Sulawesi Utara,Bitung,SPKLU PLN ULP BITUNG,"Jl. W.R. Maramis, Kadoodan, Kec. Madidir, Kota Bitung, Sulawesi Utara 95513",1.443867018,125.1711614,https://maps.app.goo.gl/6f8G5fpoc6GoCGg57,AC TYPE 2
Sulawesi Utara,Bitung,SPKLU PLN KANTOR IMIGRASI BITUNG,"Jl. Dr. Samratulangi, Bitung Barat Dua, Kec. Maesa, Kota Bitung, Sulawesi Utara",1.444546078,125.1835744,https://maps.app.goo.gl/LvZxu1hCjdgUSAFN6,AC TYPE 2
Sulawesi Utara,Bolaang Mongondow,SPKLU PLN ULP INOBONTO,"Kantor PT. PLN (Persero) ULP Inobonto, Jl. Trans Sulawesi, Kec. Bolaang, Kabupaten Bolaang Mongondow, Sulawesi Utara",0.9197919741,124.0949916,https://maps.app.goo.gl/QmdzN3NNQAwoP8oQA,"AC TYPE 2, CCS2, CHADEMO"
Sulawesi Utara,Bolaang Mongondow,SPKLU PLN ULP IMANDI,"Jl. Lorong PLN, Modomang, Kec. Dumoga Timur, Kabupaten Bolaang Mongondow, Sulawesi Utara",0.5977333654,124.0806108,https://maps.app.goo.gl/pcC8TzaNktSLdnRWA,AC TYPE 2
Sulawesi Utara,Bolaang Mongondow Selatan,SPKLU PLN ULP MOLIBAGU,"Jl. Lorong PLN, Popodu, Kec. Bolaang Uki, Kabupaten Bolaang Mongondow Selatan, Sulawesi Utara",0.3789383435,123.9867992,https://maps.app.goo.gl/rY2z96k8oy9tLtBDA,AC TYPE 2
Sulawesi Utara,Bolaang Mongondow Utara,SPKLU PLN KJ BINTAUNA,"Jl. Trans Sulawesi, Bintauna, Kec. Bintauna, Kabupaten Bolaang Mongondow Utara, Sulawesi Utara",0.8803369621,123.5499441,https://maps.app.goo.gl/sQA5TgB55GWxPd2s7,CCS2
Sulawesi Utara,Bolaang Mongondow Utara,SPKLU PLN KANTOR ULP BOLMUT 1,"JI W.R Supratman, Boroko, Kec. Kaidipang, Kab. Bolaang Mongondow Utara, Sulawesi Utara, 95765",0.9089239202,123.2649818,https://maps.app.goo.gl/zoRFyZc9gz4pCiuG9,AC TYPE 2
Sulawesi Utara,Bolaang Mongondow Utara,SPKLU PLN KANTOR ULP BOLMUT 2,"JI W.R Supratman, Boroko, Kec. Kaidipang, Kab. Bolaang Mongondow Utara, Sulawesi Utara, 95765",0.9089239202,123.2649818,https://maps.app.goo.gl/zoRFyZc9gz4pCiuG9,AC TYPE 2
Sulawesi Utara,Bolaang Mongondow Timur,SPKLU KANTOR JAGA PLN KOTABUNAN,"JL. Ratahan-Kotamobagu, Bulawan, Kotabunan, Kab. Bolaang Mongondow Timur, Sulawesi Utara",0.8108679925,124.6589262,https://maps.app.goo.gl/MKDHNyefbktawu6a7,AC TYPE 2
Sulawesi Utara,Kotamobagu,SPKLU PLN UP3 KOTAMOBAGU,"Jl. Paloko Kinalang No.2, Kotabangon, Kec. Kotamobagu Tim., Kota Kotamobagu, Sulawesi Utara",0.7332118965,124.3214961,https://maps.app.goo.gl/fYRvnN6kMDvUREnW6,AC TYPE 2
Sulawesi Utara,Kotamobagu,SPKLU KANTOR PLN UP3 KOTAMOBAGU 2,"Jl. Paloko Kinalang No.2, Kotabangon, Kec. Kotamobagu Tim., Kota Kotamobagu, Sulawesi Utara",0.7332118965,124.3214961,https://maps.app.goo.gl/fYRvnN6kMDvUREnW6,AC TYPE 2
Sulawesi Utara,Kotamobagu,(WULING) Kumala Kotamobagu,"Jl. Adampe Dolot Linkg. II, No. 71-71, RT. 006/RW. 003, Kel. Mogolaing, Kec. Kotamobagu Barat, Sulawesi Utara",0.735136974,124.3059271,https://maps.app.goo.gl/3AcRwEKLxxM3JSUf7,GB/T
Sulawesi Utara,Manado,SPKLU PLN UIW Suluttenggo,"Jl. Bethesda No. 32 (Sario), Manado, Sulawesi Utara",1.463516944,124.8331005,https://maps.app.goo.gl/UF3VdKqqigEYkzSG8,AC TYPE 2
Sulawesi Utara,Manado,SPKLU PLN Kawasan Megamas Manado,"Jl. Laksda John Lie, Titiwungen Sel., Kec. Sario, Sulawesi Utara",1.486355344,124.8338777,https://maps.app.goo.gl/QdYT74ZhBJnFwFYg8,"AC TYPE 2, CCS2, CHADEMO"
Sulawesi Utara,Manado,SPKLU PLN ULP MANADO UTARA,"Jl. Maesa No.58, Paal Dua, Kec. Paal Dua, Kota Manado, Sulawesi Utara",1.485861963,124.8650862,https://maps.app.goo.gl/jv54JExZmwxFBEUG9,AC TYPE 2
Sulawesi Utara,Manado,SPKLU PLN ULP MANADO SELATAN,"Jl. Ahmad Yani, Sario Utara, Kec. Sario, Kota Manado, Sulawesi Utara",1.471838151,124.8349228,https://maps.app.goo.gl/zykRdVqsWhHt5yFg6,AC TYPE 2
Sulawesi Utara,Manado,SPKLU KANTOR PLN UP3 MANADO,"Jl. A Yani No. 32 (Sario), Manado, Sulawesi Utara 95114",1.471838151,124.8349228,https://maps.app.goo.gl/zykRdVqsWhHt5yFg6,CCS2
Sulawesi Utara,Manado,SPKLU PLN KANTOR ULP PANIKI,"Jl. Durian Raya No.03, Paniki Dua, Kec. Mapanget, Kota Manado",1.513131023,124.9199011,https://maps.app.goo.gl/3A6sNcW7SxwemPkv7,AC TYPE 2
Sulawesi Utara,Manado,SPKLU PLN UID SULUTTENGGO 2,"JI. Bethesda No.32, Ranotana, Kec. Sario, Kota Manado, Sulawesi Utara",1.463407346,124.8329037,https://maps.app.goo.gl/8DftRCknBigQZYya9,CCS2
Sulawesi Utara,Manado,SPKLU MANTOS 3,"Jl. Pierre Tendean, Wenang Utara, Kec. Sario, Kota Manado, Sulawesi Utara",1.470130287,124.8311889,https://maps.app.goo.gl/QYbrJd7apN3JmHPL8,CCS2
Sulawesi Utara,Manado,Hyundai Manado (Khusus Kendaraan Hyundai),"Jl. Jendral Sudirman, Pinaesaan, Kec. Wenang, Kota Manado, Sulawesi Utara",1.490314972,124.8402135,https://maps.app.goo.gl/rZr7smH2Z2ZMLYHW8,AC TYPE 2
Sulawesi Utara,Manado,(WULING) Kumala Manado,"Jl. Ringroad 1,Kawasan Pergudangan Business 8 Ruko No. 63, Kel. Paal IV, Kec. Tikala, Kota Manado",1.455365496,124.8671693,https://maps.app.goo.gl/KDd38kSYHqVs16YK6,GB/T
Sulawesi Utara,Manado,(WULING) Kumala Malalayang,"Jl. Wolter Monginsidi, Malalayang, Kota Manado, Sulawesi Utara 95163",1.457375754,124.8065327,https://maps.app.goo.gl/egCvtQ1G3jTFU1WV7,GB/T
Sulawesi Utara,Manado,Hasjrat Toyota Manado Tendean,"Jl. Piere Tendean Kelurahan Sario Utara Lingkungan III Kecamatan Sario, Kota Manado",1.472831684,124.8327995,https://maps.app.goo.gl/UmV49cCnJrHEeXEWA,AC TYPE 2
Sulawesi Utara,Manado,SPKLU PLN IT CENTER MANADO,"Jl. Piere Tendean, Wenang Utara, Kec. Wenang, Kota Manado, Sulawesi Utara 95111",1.486726262,124.8371441,https://maps.app.goo.gl/ZvXoqGjFYnkiTo5n8,AC TYPE 2
Sulawesi Utara,Manado,SPKLU PLN FRESHMART PANIKI,"Jl. A.A. Maramis, Paniki Bawah, Kec. Mapanget, Kota Manado, Sulawesi Utara",1.509092634,124.9085841,https://maps.app.goo.gl/C8mCU5n1kZ9gFogf6,AC TYPE 2
Sulawesi Utara,Minahasa,SPKLU PLN NUSANTARA POWER,"Jl. Stadion Maesa, Kembuan, Kec. Tondano Utara, Kabupaten Minahasa, Sulawesi Utara",1.312359432,124.9157199,https://maps.app.goo.gl/57VzMbfdPL7MrQLf7,AC TYPE 2
Sulawesi Utara,Minahasa,SPKLU KANTOR PLN ULP TONDANO,"Jl. Tondanon Kakas, Liningaan, Tondano Timur, Ranowangko, Minahasa, Kabupaten Minahasa, Sulawesi Utara",1.301445499,124.9131681,https://maps.app.goo.gl/wVMt2vxfXjTmPgiY6,AC TYPE 2
Sulawesi Utara,Minahasa,SPKLU PLN KANTOR ULP KAWANGKOAN,"Jl. Ps Kawangkoan, Sendangan, Kawangkoan Utara, Kabupaten Minahasa, Sulawesi Utara",1.202273015,124.7876514,https://maps.app.goo.gl/7jzpci8h9E32Qquu9,AC TYPE 2
Sulawesi Utara,Minahasa Selatan,SPKLU PLN ULP AMURANG,"Jl. Amurang Ratahan, Uwuran Dua, Kec. Amurang, Kabupaten Minahasa Selatan, Sulawesi Utara",1.182302173,124.5780472,https://maps.app.goo.gl/WVuW75pqcGAqLRXC7,AC TYPE 2
Sulawesi Utara,Minahasa Selatan,SPKLU PLN ULP MOTOLING,"Jl. Sam Ratulangi, Motoling Dua, Kabupaten Minahasa Selatan, Sulawesi Utara",1.038630123,124.4740412,https://maps.app.goo.gl/1eKZahqvRGey7ATg7,AC TYPE 2
Sulawesi Utara,Minahasa Tenggara,SPKLU PLN ULP RATAHAN,"JI. SKDP Blk. B, Wawali Pasan, Kec. Ratahan, Kabupaten Minahasa Tenggara, Sulawesi Utara, 95994",1.038334701,124.7959386,https://maps.app.goo.gl/thMPBoz2cgAZPV267,AC TYPE 2
Sulawesi Utara,Minahasa Utara,SPKLU PLN ULP AIRMADIDI,"Jl. Raya Manado - Bitung, Sarongsong I, Kec. Airmadidi, Kabupaten Minahasa Utara, Sulawesi Utara",1.428060451,124.9788461,https://maps.app.goo.gl/P4dzq4KuWUz6AdEX8,AC TYPE 2
Sulawesi Utara,Minahasa Utara,(WULING) Kumala Minahasa Utara,"Jl. Manado-Bitung, Airmadidi Atas, Airmadidi, Kab. Minahasa Utara, Sulawesi Utara 95371",1.421971231,124.9852456,https://maps.app.goo.gl/zi8fkSjvi1r7vCuM7,GB/T
Sulawesi Utara,Tomohon,SPKLU PLN ULP TOMOHON,"Jl. Raya Tomohon Kakaskasen, Talete Dua, Kec. Tomohon Tengah, Kota Tomohon, Sulawesi Utara",1.335732041,124.8368784,https://maps.app.goo.gl/3SS9XG9kEsNKNuAY9,AC TYPE 2
Sulawesi Utara,Tomohon,(WULING) Kumala Tomohon,"Jl. Raya Tomohon, Kel. Kakaskasen, Kec. Tomohon Utara, Kota Tomohon, Sulawesi Utara 95418",1.34059199,124.8352556,https://maps.app.goo.gl/wNmCWRSMD24eBB947,GB/T
Gorontalo,Boalemo,SPKLU PLN ULP LIMBOTO (PAGUYAMAN),"Jl. Trans Sulawesi, Molombulahe, Kec. Paguyaman, Kabupaten Boalemo, Gorontalo 96261",0.6328335274,122.5711371,https://maps.app.goo.gl/F8zvEHsaFhZ1gczH9,AC TYPE 2
Gorontalo,Kota Gorontalo,SPKLU PLN UP3 GORONTALO,"Jl. Jend Sudirman No.63, Kota Gorontalo, Gorontalo 96138",0.5536615568,123.0540064,https://maps.app.goo.gl/f9Jc1m719kQxcQRu5,"AC TYPE 2, CCS2, CHADEMO"
Gorontalo,Kota Gorontalo,SPKLU ULP LIMBOTO,"Jl. A. WAHAB, Kayubulam, Kec. LIMBOTO, Kabupaten Gorontalo",0.6274176329,122.9777917,https://maps.app.goo.gl/eR58PrGNxVorzpBd7,CCS2
Gorontalo,Kota Gorontalo,SPKLU PLN ULP TELAGA,"Jl. M Thayeb Gobel, Tapa, Kec. Sipatana, Kota Gorontalo",0.5775355482,123.0476714,https://maps.app.goo.gl/XD6ZxtLmEhMAm5YH9,AC TYPE 2
Gorontalo,Kota Gorontalo,Hyundai Gorontalo (Khusus Kendaraan Hyundai),"Jl. Nani Wartabone No.36, Biawao, Kota Sel., Kota Gorontalo, Gorontalo 96134",0.5369350484,123.0602479,https://maps.app.goo.gl/X2nTQ3DbmyS4tL627,AC TYPE 2
Gorontalo,Kota Gorontalo,(WULING) Kumala Gorontalo,"Jl. Nani Wartabone, Ipilo, Kec. Kota Timur, Kota Gorontalo, Gorontalo 96134",0.5365360232,123.0605346,https://maps.app.goo.gl/NPQVPTyodZmgx1hj7,GB/T
Gorontalo,Gorontalo Utara,SPKLU ULP KWANDANG,"Jl. Jarwadi, Moluo, Kec. Kwandang, Kabupaten Gorontalo Utara, Gorontalo 96252",0.8398014559,122.9135963,https://maps.app.goo.gl/H4KSFDYodfQwBcsGA,AC TYPE 2
Gorontalo,Pohuwato,SPKLU ULP MARISA,"JI. Trans Sulawesi, Desa Buntulia Jaya, Kecamatan Duhiadaa, Kabupaten Pohuwato, Gorontalo 96466",0.4764975711,121.9315051,https://maps.app.goo.gl/cW7y5QWMmyRTKG427,CCS2